survived,pclass,sex,age,sibsp,parch,fare,embarked,class,who,adult_male,deck,embark_town,alive,alone
0,3,female,8.7,1,1,71.04,S,Third,child,False,F,Southampton,no,False
0,3,male,7.0,2,0,59.17,S,Third,child,False,,Southampton,no,False
1,1,female,44.5,2,2,26.6,C,First,woman,False,A,Cherbourg,yes,False
0,3,male,41.8,2,0,108.55,C,Third,man,True,D,Cherbourg,no,False
0,2,female,43.6,3,2,97.41,S,Second,woman,False,D,Southampton,no,False
1,2,female,42.2,3,2,9.78,C,Second,woman,False,G,Cherbourg,yes,False
0,3,female,2.7,1,0,59.39,S,Third,child,False,A,Southampton,no,False
1,3,male,61.1,0,2,55.51,C,Third,man,True,E,Cherbourg,yes,False
1,3,male,7.0,1,1,137.53,Q,Third,child,False,,Queenstown,yes,False
0,3,male,50.5,1,1,122.47,S,Third,man,True,C,Southampton,no,False
0,1,female,25.9,1,2,113.67,Q,First,woman,False,B,Queenstown,no,False
1,3,female,50.7,2,2,136.91,Q,Third,woman,False,E,Queenstown,yes,False
0,2,female,64.8,3,2,138.51,S,Second,woman,False,E,Southampton,no,False
1,2,female,39.2,1,2,16.73,C,Second,woman,False,B,Cherbourg,yes,False
1,3,male,39.0,0,0,18.25,Q,Third,man,True,G,Queenstown,yes,True
1,2,female,57.8,1,0,105.23,Q,Second,woman,False,A,Queenstown,yes,False
1,3,male,60.9,2,0,64.95,S,Third,man,True,E,Southampton,yes,False
1,1,male,9.6,2,2,99.94,C,First,child,False,A,Cherbourg,yes,False
0,1,male,46.4,0,1,99.42,C,First,man,True,E,Cherbourg,no,False
0,2,female,8.0,0,0,86.65,Q,Second,child,False,E,Queenstown,no,True
1,3,male,30.8,2,0,124.74,Q,Third,man,True,C,Queenstown,yes,False
0,2,male,55.2,2,0,112.98,C,Second,man,True,B,Cherbourg,no,False
1,2,male,42.9,3,1,84.76,S,Second,man,True,A,Southampton,yes,False
0,3,female,54.6,1,2,57.61,Q,Third,woman,False,E,Queenstown,no,False
1,2,male,5.4,0,1,7.89,Q,Second,child,False,E,Queenstown,yes,False
1,2,male,22.9,1,1,89.33,C,Second,man,True,C,Cherbourg,yes,False
1,1,male,29.1,1,0,124.16,C,First,man,True,B,Cherbourg,yes,False
1,2,male,30.4,1,2,146.4,Q,Second,man,True,A,Queenstown,yes,False
0,1,female,15.7,0,0,26.43,S,First,child,False,F,Southampton,no,True
0,2,female,49.4,2,1,141.03,S,Second,woman,False,E,Southampton,no,False
1,1,male,50.7,0,0,20.37,C,First,man,True,E,Cherbourg,yes,True
0,1,male,22.5,2,1,70.84,Q,First,man,True,E,Queenstown,no,False
0,3,male,52.4,3,2,138.1,S,Third,man,True,D,Southampton,no,False
0,3,male,2.7,3,2,105.16,C,Third,child,False,A,Cherbourg,no,False
0,2,male,30.0,0,2,43.53,S,Second,man,True,C,Southampton,no,False
1,1,male,57.9,1,2,59.76,Q,First,man,True,A,Queenstown,yes,False
1,3,female,66.6,0,2,20.37,S,Third,woman,False,E,Southampton,yes,False
0,2,female,34.7,0,2,139.64,S,Second,woman,False,,Southampton,no,False
0,2,male,69.3,3,1,28.77,S,Second,man,True,C,Southampton,no,False
1,2,male,50.9,3,2,61.78,S,Second,man,True,A,Southampton,yes,False
1,3,male,48.6,3,1,88.16,S,Third,man,True,G,Southampton,yes,False
1,3,male,2.6,1,2,142.74,Q,Third,child,False,C,Queenstown,yes,False
0,1,male,68.1,1,0,131.37,C,First,man,True,G,Cherbourg,no,False
1,1,female,5.3,3,0,51.58,C,First,child,False,B,Cherbourg,yes,False
1,2,male,43.7,0,0,95.22,Q,Second,man,True,B,Queenstown,yes,True
0,3,male,56.1,3,1,80.1,S,Third,man,True,,Southampton,no,False
1,1,male,63.1,2,0,25.24,S,First,man,True,F,Southampton,yes,False
1,3,male,56.6,2,1,11.81,S,Third,man,True,C,Southampton,yes,False
1,3,female,15.1,3,1,118.16,S,Third,child,False,A,Southampton,yes,False
0,2,female,59.2,0,2,141.04,S,Second,woman,False,A,Southampton,no,False
0,3,female,56.1,0,2,56.66,Q,Third,woman,False,G,Queenstown,no,False
0,2,female,28.3,0,2,48.76,Q,Second,woman,False,F,Queenstown,no,False
0,2,male,38.1,2,2,147.92,C,Second,man,True,F,Cherbourg,no,False
0,1,male,9.7,3,1,101.97,S,First,child,False,D,Southampton,no,False
0,1,male,51.4,0,1,100.79,C,First,man,True,E,Cherbourg,no,False
1,3,male,62.5,1,0,136.67,C,Third,man,True,,Cherbourg,yes,False
0,2,male,18.9,2,0,75.53,C,Second,man,True,G,Cherbourg,no,False
1,1,male,68.8,2,2,88.87,S,First,man,True,,Southampton,yes,False
0,2,male,26.9,3,2,123.43,S,Second,man,True,D,Southampton,no,False
1,1,male,6.6,1,0,69.3,S,First,child,False,B,Southampton,yes,False
1,1,female,33.2,1,2,43.52,C,First,woman,False,,Cherbourg,yes,False
1,2,female,65.6,2,1,15.86,S,Second,woman,False,F,Southampton,yes,False
1,3,male,48.8,1,1,88.18,S,Third,man,True,A,Southampton,yes,False
0,1,male,30.1,2,1,105.3,S,First,man,True,A,Southampton,no,False
0,2,female,33.7,3,0,24.01,Q,Second,woman,False,G,Queenstown,no,False
0,3,male,17.6,1,1,107.1,S,Third,man,False,G,Southampton,no,False
1,2,male,55.2,2,2,107.26,S,Second,man,True,G,Southampton,yes,False
0,3,female,52.7,0,2,53.47,Q,Third,woman,False,D,Queenstown,no,False
1,3,female,34.4,2,1,23.6,S,Third,woman,False,C,Southampton,yes,False
1,1,female,66.3,1,1,84.07,Q,First,woman,False,A,Queenstown,yes,False
1,3,female,17.6,0,2,79.09,C,Third,woman,False,D,Cherbourg,yes,False
0,3,female,40.8,0,1,39.16,S,Third,woman,False,B,Southampton,no,False
0,2,male,21.0,0,2,15.8,S,Second,man,True,C,Southampton,no,False
0,2,male,66.1,2,0,147.21,C,Second,man,True,B,Cherbourg,no,False
0,3,female,19.2,0,0,46.28,Q,Third,woman,False,E,Queenstown,no,True
0,1,male,14.2,3,1,99.97,Q,First,child,False,B,Queenstown,no,False
1,1,female,47.7,1,0,69.35,Q,First,woman,False,C,Queenstown,yes,False
0,1,male,19.5,0,0,61.01,S,First,man,True,A,Southampton,no,True
1,2,female,34.9,0,1,40.39,C,Second,woman,False,D,Cherbourg,yes,False
0,3,male,14.8,1,0,83.26,S,Third,child,False,G,Southampton,no,False
1,2,male,2.2,2,2,141.44,Q,Second,child,False,E,Queenstown,yes,False
0,1,female,8.7,2,2,125.73,C,First,child,False,A,Cherbourg,no,False
1,2,female,23.5,3,0,45.96,S,Second,woman,False,B,Southampton,yes,False
1,1,female,48.8,0,1,66.62,Q,First,woman,False,G,Queenstown,yes,False
1,2,female,43.1,0,1,57.03,S,Second,woman,False,C,Southampton,yes,False
1,2,female,52.7,0,0,144.1,Q,Second,woman,False,A,Queenstown,yes,True
1,3,female,69.8,0,0,94.73,C,Third,woman,False,G,Cherbourg,yes,True
1,1,male,20.6,1,1,112.76,Q,First,man,True,F,Queenstown,yes,False
1,2,male,53.9,0,0,50.58,C,Second,man,True,F,Cherbourg,yes,True
1,2,male,36.1,2,1,69.02,S,Second,man,True,F,Southampton,yes,False
1,3,male,22.2,3,1,43.1,Q,Third,man,True,C,Queenstown,yes,False
0,2,female,62.0,1,0,30.65,S,Second,woman,False,E,Southampton,no,False
0,3,female,8.6,0,2,104.9,C,Third,child,False,F,Cherbourg,no,False
0,3,female,16.3,2,0,15.98,C,Third,woman,False,E,Cherbourg,no,False
0,1,female,5.8,2,1,97.2,C,First,child,False,B,Cherbourg,no,False
1,2,female,34.3,1,0,21.88,C,Second,woman,False,A,Cherbourg,yes,False
0,2,male,33.7,1,1,74.46,Q,Second,man,True,A,Queenstown,no,False
0,2,female,62.9,2,0,17.8,Q,Second,woman,False,F,Queenstown,no,False
1,2,female,6.4,3,0,57.25,S,Second,child,False,,Southampton,yes,False
1,1,female,14.5,0,0,130.65,S,First,child,False,,Southampton,yes,True
1,2,female,35.4,2,2,35.07,S,Second,woman,False,A,Southampton,yes,False
0,3,male,34.8,2,0,15.75,Q,Third,man,True,A,Queenstown,no,False
0,3,female,36.9,2,2,22.28,C,Third,woman,False,C,Cherbourg,no,False
1,2,female,14.4,3,2,125.13,C,Second,child,False,,Cherbourg,yes,False
1,1,male,43.9,3,0,115.99,Q,First,man,True,B,Queenstown,yes,False
1,2,male,35.9,0,1,48.44,C,Second,man,True,A,Cherbourg,yes,False
0,2,female,4.7,3,0,121.1,Q,Second,child,False,F,Queenstown,no,False
0,2,female,19.1,1,2,19.58,C,Second,woman,False,G,Cherbourg,no,False
0,1,female,15.5,2,1,55.54,S,First,child,False,D,Southampton,no,False
1,1,male,50.1,2,2,25.5,C,First,man,True,,Cherbourg,yes,False
1,1,female,22.2,2,0,71.22,S,First,woman,False,A,Southampton,yes,False
1,1,female,7.1,1,2,146.45,S,First,child,False,D,Southampton,yes,False
0,2,male,68.6,3,1,60.07,C,Second,man,True,B,Cherbourg,no,False
0,1,male,26.1,0,0,136.38,Q,First,man,True,G,Queenstown,no,True
1,2,female,37.7,1,2,51.56,S,Second,woman,False,,Southampton,yes,False
1,1,male,39.2,1,0,59.61,Q,First,man,True,E,Queenstown,yes,False
0,2,male,34.7,3,0,128.89,S,Second,man,True,,Southampton,no,False
0,2,female,26.9,2,1,44.09,C,Second,woman,False,G,Cherbourg,no,False
1,2,male,54.6,0,1,82.63,S,Second,man,True,D,Southampton,yes,False
1,3,male,58.1,0,0,140.46,C,Third,man,True,B,Cherbourg,yes,True
0,1,female,16.1,0,0,126.81,S,First,woman,False,,Southampton,no,True
0,3,female,52.4,2,2,119.32,Q,Third,woman,False,B,Queenstown,no,False
0,2,male,50.9,2,1,132.2,S,Second,man,True,,Southampton,no,False
1,3,male,51.5,3,0,135.12,C,Third,man,True,,Cherbourg,yes,False
1,1,male,65.6,3,1,18.98,S,First,man,True,E,Southampton,yes,False
1,1,female,63.2,3,0,139.73,Q,First,woman,False,G,Queenstown,yes,False
1,1,female,45.6,0,2,138.63,Q,First,woman,False,,Queenstown,yes,False
1,2,male,66.4,0,0,143.95,S,Second,man,True,,Southampton,yes,True
0,1,male,33.7,3,0,14.67,Q,First,man,True,A,Queenstown,no,False
1,3,male,24.1,1,2,22.04,C,Third,man,True,,Cherbourg,yes,False
1,3,male,8.3,2,2,70.06,C,Third,child,False,D,Cherbourg,yes,False
1,3,female,28.1,1,2,23.42,Q,Third,woman,False,B,Queenstown,yes,False
0,2,male,23.9,2,2,10.66,S,Second,man,True,D,Southampton,no,False
1,3,female,47.5,1,2,54.42,S,Third,woman,False,B,Southampton,yes,False
0,1,male,52.9,3,2,106.23,C,First,man,True,,Cherbourg,no,False
0,1,male,39.9,2,1,148.64,Q,First,man,True,E,Queenstown,no,False
1,3,male,46.4,3,0,123.85,S,Third,man,True,E,Southampton,yes,False
0,2,male,5.6,2,2,130.5,Q,Second,child,False,A,Queenstown,no,False
1,2,male,1.2,2,2,70.82,Q,Second,child,False,G,Queenstown,yes,False
0,1,female,31.0,1,2,115.72,Q,First,woman,False,E,Queenstown,no,False
0,3,male,7.5,1,2,116.39,Q,Third,child,False,A,Queenstown,no,False
0,3,female,44.6,1,0,88.58,S,Third,woman,False,,Southampton,no,False
0,3,male,38.0,1,0,148.75,S,Third,man,True,F,Southampton,no,False
0,1,male,1.3,2,2,62.08,Q,First,child,False,A,Queenstown,no,False
1,3,female,67.2,1,2,58.28,Q,Third,woman,False,F,Queenstown,yes,False
1,2,female,37.0,0,2,69.23,Q,Second,woman,False,A,Queenstown,yes,False
0,1,male,24.4,0,2,35.44,C,First,man,True,A,Cherbourg,no,False
1,3,male,2.5,3,2,30.44,Q,Third,child,False,,Queenstown,yes,False
1,1,female,31.0,3,0,134.61,C,First,woman,False,D,Cherbourg,yes,False
1,3,female,8.6,1,0,106.77,C,Third,child,False,E,Cherbourg,yes,False
1,1,female,35.4,3,1,102.52,Q,First,woman,False,G,Queenstown,yes,False
1,2,female,13.5,1,2,50.25,S,Second,child,False,G,Southampton,yes,False
0,3,female,46.4,2,0,81.53,Q,Third,woman,False,E,Queenstown,no,False
1,1,male,53.5,3,0,7.11,C,First,man,True,B,Cherbourg,yes,False
1,1,male,66.8,2,1,79.9,Q,First,man,True,E,Queenstown,yes,False
0,2,female,1.1,2,1,43.94,Q,Second,child,False,G,Queenstown,no,False
0,1,male,24.5,2,2,148.87,S,First,man,True,C,Southampton,no,False
0,3,female,28.1,2,1,21.35,C,Third,woman,False,D,Cherbourg,no,False
0,3,male,40.8,2,0,50.31,C,Third,man,True,C,Cherbourg,no,False
1,1,male,39.6,2,0,70.85,S,First,man,True,A,Southampton,yes,False
0,3,female,53.0,2,0,60.23,Q,Third,woman,False,A,Queenstown,no,False
0,1,male,9.1,3,2,19.69,Q,First,child,False,B,Queenstown,no,False
1,2,male,42.5,0,2,127.53,S,Second,man,True,F,Southampton,yes,False
1,3,male,9.3,0,2,28.0,Q,Third,child,False,D,Queenstown,yes,False
0,1,male,23.2,0,1,23.67,C,First,man,True,C,Cherbourg,no,False
0,2,male,68.3,3,2,140.86,S,Second,man,True,G,Southampton,no,False
1,3,female,31.0,2,1,97.2,Q,Third,woman,False,B,Queenstown,yes,False
1,2,male,66.0,2,1,80.11,S,Second,man,True,,Southampton,yes,False
0,1,female,47.1,1,1,142.53,S,First,woman,False,D,Southampton,no,False
1,3,male,19.9,1,2,71.83,S,Third,man,True,B,Southampton,yes,False
0,1,male,37.9,0,0,131.14,Q,First,man,True,G,Queenstown,no,True
1,3,male,5.6,1,1,132.96,Q,Third,child,False,F,Queenstown,yes,False
1,3,male,37.8,3,0,52.07,Q,Third,man,True,E,Queenstown,yes,False
1,1,female,40.4,3,0,88.76,Q,First,woman,False,G,Queenstown,yes,False
0,3,male,43.0,1,1,130.15,C,Third,man,True,,Cherbourg,no,False
0,1,male,63.2,2,2,119.85,Q,First,man,True,B,Queenstown,no,False
0,1,female,17.6,3,1,23.88,S,First,woman,False,G,Southampton,no,False
0,3,female,26.3,0,1,31.14,C,Third,woman,False,C,Cherbourg,no,False
1,1,female,16.0,3,1,134.59,C,First,woman,False,F,Cherbourg,yes,False
1,2,male,39.5,2,0,131.77,C,Second,man,True,B,Cherbourg,yes,False
0,2,male,67.8,2,0,84.18,S,Second,man,True,C,Southampton,no,False
1,1,female,61.8,1,0,61.56,C,First,woman,False,C,Cherbourg,yes,False
0,1,female,33.1,2,2,48.04,S,First,woman,False,G,Southampton,no,False
1,1,female,38.7,0,1,135.95,S,First,woman,False,E,Southampton,yes,False
0,2,female,63.0,0,0,70.68,S,Second,woman,False,C,Southampton,no,True
0,2,female,24.2,2,2,79.57,C,Second,woman,False,B,Cherbourg,no,False
1,3,male,10.7,2,0,33.54,S,Third,child,False,,Southampton,yes,False
1,1,male,21.2,0,1,19.59,C,First,man,True,E,Cherbourg,yes,False
0,1,female,9.6,1,2,117.26,C,First,child,False,C,Cherbourg,no,False
0,2,female,28.5,3,1,102.03,Q,Second,woman,False,B,Queenstown,no,False
1,2,female,43.2,0,0,22.92,Q,Second,woman,False,G,Queenstown,yes,True
0,1,female,13.1,2,0,111.43,S,First,child,False,D,Southampton,no,False
1,3,male,4.0,2,1,148.78,S,Third,child,False,C,Southampton,yes,False
0,2,male,68.9,2,2,138.32,Q,Second,man,True,D,Queenstown,no,False
0,2,female,29.7,0,1,10.71,C,Second,woman,False,D,Cherbourg,no,False
0,3,female,59.1,2,0,34.66,C,Third,woman,False,,Cherbourg,no,False
0,2,female,9.8,2,1,47.08,Q,Second,child,False,C,Queenstown,no,False
1,1,male,52.0,0,2,40.77,Q,First,man,True,C,Queenstown,yes,False
1,2,female,5.4,1,0,40.87,C,Second,child,False,C,Cherbourg,yes,False
0,2,male,31.2,0,0,97.53,Q,Second,man,True,,Queenstown,no,True
1,3,male,66.1,2,1,31.36,S,Third,man,True,C,Southampton,yes,False
0,2,female,29.3,0,0,128.88,Q,Second,woman,False,,Queenstown,no,True
1,3,male,67.0,2,1,63.86,C,Third,man,True,D,Cherbourg,yes,False
1,1,male,60.0,2,2,35.39,Q,First,man,True,F,Queenstown,yes,False
0,2,female,7.0,3,0,96.66,S,Second,child,False,F,Southampton,no,False
1,1,female,4.0,2,2,126.3,Q,First,child,False,G,Queenstown,yes,False
0,2,female,64.6,1,2,107.48,Q,Second,woman,False,B,Queenstown,no,False
1,2,male,12.2,1,2,84.73,Q,Second,child,False,F,Queenstown,yes,False
0,1,male,23.0,3,1,99.83,C,First,man,True,F,Cherbourg,no,False
1,1,female,3.0,0,1,82.37,Q,First,child,False,A,Queenstown,yes,False
1,1,male,47.5,3,1,141.73,Q,First,man,True,G,Queenstown,yes,False
1,3,female,6.0,0,2,15.64,Q,Third,child,False,F,Queenstown,yes,False
0,2,female,46.3,2,1,66.37,Q,Second,woman,False,,Queenstown,no,False
0,2,female,34.9,0,1,46.24,C,Second,woman,False,F,Cherbourg,no,False
0,3,female,63.7,0,0,99.35,Q,Third,woman,False,D,Queenstown,no,True
1,2,female,7.2,2,1,98.67,S,Second,child,False,F,Southampton,yes,False
0,3,female,32.5,1,0,129.62,Q,Third,woman,False,F,Queenstown,no,False
1,2,female,67.0,1,0,73.74,C,Second,woman,False,E,Cherbourg,yes,False
1,3,male,34.2,2,2,132.6,Q,Third,man,True,,Queenstown,yes,False
0,1,male,6.7,0,0,20.13,Q,First,child,False,C,Queenstown,no,True
0,1,male,34.7,1,0,37.08,S,First,man,True,C,Southampton,no,False
0,1,male,13.8,1,1,33.92,Q,First,child,False,G,Queenstown,no,False
0,1,female,51.7,3,0,10.44,C,First,woman,False,G,Cherbourg,no,False
0,2,male,29.5,3,0,55.5,Q,Second,man,True,F,Queenstown,no,False
0,3,female,27.7,3,1,11.02,S,Third,woman,False,F,Southampton,no,False
0,3,male,27.6,3,1,66.24,Q,Third,man,True,A,Queenstown,no,False
0,1,male,31.2,3,0,11.79,C,First,man,True,F,Cherbourg,no,False
0,2,female,67.7,0,2,61.32,Q,Second,woman,False,C,Queenstown,no,False
1,1,male,28.1,1,0,44.29,C,First,man,True,C,Cherbourg,yes,False
0,1,female,47.5,0,1,92.1,Q,First,woman,False,D,Queenstown,no,False
1,3,female,65.8,0,1,83.8,Q,Third,woman,False,C,Queenstown,yes,False
1,2,male,65.6,1,0,66.43,S,Second,man,True,F,Southampton,yes,False
0,1,female,8.2,1,2,134.82,Q,First,child,False,G,Queenstown,no,False
1,2,male,43.5,3,2,100.14,S,Second,man,True,B,Southampton,yes,False
1,1,female,48.6,3,1,117.7,Q,First,woman,False,E,Queenstown,yes,False
1,1,female,61.3,3,1,113.7,S,First,woman,False,G,Southampton,yes,False
0,2,male,59.8,3,1,20.72,C,Second,man,True,C,Cherbourg,no,False
0,3,female,29.6,1,2,31.5,S,Third,woman,False,F,Southampton,no,False
0,3,female,14.0,2,1,45.06,Q,Third,child,False,A,Queenstown,no,False
1,1,female,32.6,0,2,30.74,Q,First,woman,False,A,Queenstown,yes,False
0,3,male,40.1,1,2,42.17,S,Third,man,True,,Southampton,no,False
1,2,male,44.2,3,2,92.18,S,Second,man,True,E,Southampton,yes,False
0,3,male,29.6,2,2,60.69,Q,Third,man,True,E,Queenstown,no,False
1,3,female,20.1,3,2,97.34,C,Third,woman,False,D,Cherbourg,yes,False
1,3,female,63.2,3,1,75.28,Q,Third,woman,False,B,Queenstown,yes,False
0,1,female,33.0,0,2,73.08,S,First,woman,False,A,Southampton,no,False
1,1,male,40.6,0,1,103.51,Q,First,man,True,,Queenstown,yes,False
1,2,male,51.0,1,2,113.29,S,Second,man,True,E,Southampton,yes,False
1,3,male,13.2,3,1,100.81,C,Third,child,False,,Cherbourg,yes,False
0,3,male,47.2,0,1,45.81,C,Third,man,True,G,Cherbourg,no,False
0,2,male,16.7,2,0,63.69,S,Second,man,False,G,Southampton,no,False
1,2,female,59.0,1,1,140.58,S,Second,woman,False,D,Southampton,yes,False
1,1,female,14.9,0,0,51.16,C,First,child,False,E,Cherbourg,yes,True
1,2,male,41.5,3,0,69.92,S,Second,man,True,C,Southampton,yes,False
0,3,female,55.6,1,0,49.31,S,Third,woman,False,A,Southampton,no,False
0,1,male,69.8,3,1,22.69,C,First,man,True,B,Cherbourg,no,False
1,1,male,33.8,1,1,57.87,S,First,man,True,F,Southampton,yes,False
1,1,male,3.1,3,1,41.56,C,First,child,False,B,Cherbourg,yes,False
1,2,female,40.0,0,0,32.82,S,Second,woman,False,C,Southampton,yes,True
1,3,male,2.2,0,2,28.84,S,Third,child,False,B,Southampton,yes,False
1,1,male,56.5,1,2,58.07,S,First,man,True,G,Southampton,yes,False
0,1,male,27.2,1,2,132.27,C,First,man,True,B,Cherbourg,no,False
0,2,female,1.8,1,0,72.29,Q,Second,child,False,G,Queenstown,no,False
0,1,female,41.4,0,2,99.3,Q,First,woman,False,F,Queenstown,no,False
0,1,male,23.3,1,0,35.19,Q,First,man,True,F,Queenstown,no,False
0,1,female,49.7,3,2,114.27,Q,First,woman,False,D,Queenstown,no,False
1,2,male,11.7,1,0,56.35,S,Second,child,False,,Southampton,yes,False
0,1,female,21.3,2,0,147.74,S,First,woman,False,C,Southampton,no,False
1,2,male,26.0,1,0,126.8,Q,Second,man,True,E,Queenstown,yes,False
1,2,male,54.1,0,2,129.92,S,Second,man,True,D,Southampton,yes,False
1,1,male,3.3,1,2,16.67,S,First,child,False,C,Southampton,yes,False
0,2,male,29.1,1,2,89.88,S,Second,man,True,D,Southampton,no,False
0,3,female,46.2,1,2,84.06,C,Third,woman,False,G,Cherbourg,no,False
1,1,male,35.4,3,1,58.41,S,First,man,True,E,Southampton,yes,False
0,3,female,23.4,1,0,138.98,S,Third,woman,False,G,Southampton,no,False
0,3,female,3.0,3,1,66.63,S,Third,child,False,G,Southampton,no,False
0,2,male,46.5,0,0,80.3,Q,Second,man,True,A,Queenstown,no,True
0,2,female,13.3,1,0,7.82,C,Second,child,False,A,Cherbourg,no,False
1,1,male,64.7,1,2,19.56,C,First,man,True,E,Cherbourg,yes,False
0,2,male,9.6,2,1,35.84,C,Second,child,False,A,Cherbourg,no,False
0,2,female,57.7,0,1,105.92,C,Second,woman,False,G,Cherbourg,no,False
0,2,male,57.4,0,2,28.29,Q,Second,man,True,,Queenstown,no,False
1,1,male,2.7,0,0,12.56,Q,First,child,False,E,Queenstown,yes,True
1,2,female,58.1,0,2,93.02,S,Second,woman,False,A,Southampton,yes,False
1,3,female,31.5,1,2,136.26,C,Third,woman,False,C,Cherbourg,yes,False
0,3,male,13.0,3,2,14.0,C,Third,child,False,E,Cherbourg,no,False
1,2,male,12.8,3,1,101.42,Q,Second,child,False,,Queenstown,yes,False
0,3,female,29.5,3,2,74.27,C,Third,woman,False,D,Cherbourg,no,False
1,2,male,62.8,1,2,143.97,S,Second,man,True,,Southampton,yes,False
0,1,female,24.3,0,0,48.76,S,First,woman,False,G,Southampton,no,True
0,1,female,23.6,0,1,120.98,Q,First,woman,False,F,Queenstown,no,False
0,3,male,26.2,1,1,80.84,C,Third,man,True,B,Cherbourg,no,False
1,3,male,47.4,0,1,12.62,S,Third,man,True,A,Southampton,yes,False
1,3,female,22.0,1,1,91.21,S,Third,woman,False,G,Southampton,yes,False
0,3,female,21.5,1,2,100.4,S,Third,woman,False,D,Southampton,no,False
1,1,male,22.7,1,0,77.37,S,First,man,True,,Southampton,yes,False
1,2,female,44.4,2,0,91.47,C,Second,woman,False,,Cherbourg,yes,False
0,2,female,13.5,1,1,16.33,C,Second,child,False,B,Cherbourg,no,False
0,2,male,43.2,3,2,52.7,C,Second,man,True,,Cherbourg,no,False
1,1,female,35.0,3,2,71.05,Q,First,woman,False,G,Queenstown,yes,False
1,3,female,58.8,3,2,127.5,Q,Third,woman,False,B,Queenstown,yes,False
0,3,male,59.5,2,0,82.46,C,Third,man,True,E,Cherbourg,no,False
1,2,female,56.7,1,2,40.43,Q,Second,woman,False,,Queenstown,yes,False
1,1,female,55.5,3,0,147.85,C,First,woman,False,B,Cherbourg,yes,False
0,3,female,62.3,1,1,80.84,Q,Third,woman,False,B,Queenstown,no,False
0,3,female,36.6,3,1,31.55,S,Third,woman,False,C,Southampton,no,False
0,1,male,30.0,2,1,120.06,S,First,man,True,F,Southampton,no,False
0,1,female,1.1,1,0,95.79,C,First,child,False,F,Cherbourg,no,False
0,2,male,36.7,2,0,127.91,S,Second,man,True,F,Southampton,no,False
0,2,female,23.6,3,2,106.43,S,Second,woman,False,F,Southampton,no,False
0,2,male,18.4,0,2,91.12,S,Second,man,True,G,Southampton,no,False
1,1,male,51.7,0,1,91.1,S,First,man,True,B,Southampton,yes,False
0,3,female,22.5,1,1,105.71,C,Third,woman,False,F,Cherbourg,no,False
0,3,male,40.9,1,2,56.81,C,Third,man,True,,Cherbourg,no,False
1,1,female,27.2,0,2,11.02,C,First,woman,False,E,Cherbourg,yes,False
1,3,female,33.9,2,2,147.39,Q,Third,woman,False,G,Queenstown,yes,False
1,3,female,52.1,0,2,32.68,S,Third,woman,False,E,Southampton,yes,False
0,2,female,10.5,0,2,108.78,C,Second,child,False,D,Cherbourg,no,False
1,1,male,66.8,0,0,103.41,Q,First,man,True,E,Queenstown,yes,True
1,2,male,22.8,2,1,85.3,Q,Second,man,True,,Queenstown,yes,False
1,1,male,62.5,1,1,60.05,C,First,man,True,,Cherbourg,yes,False
0,2,female,23.1,3,1,58.66,C,Second,woman,False,F,Cherbourg,no,False
1,1,male,42.2,1,2,54.59,S,First,man,True,A,Southampton,yes,False
0,2,female,23.9,1,2,84.86,S,Second,woman,False,,Southampton,no,False
0,2,male,17.8,3,2,102.68,C,Second,man,False,A,Cherbourg,no,False
0,3,male,52.8,2,2,99.65,C,Third,man,True,A,Cherbourg,no,False
1,1,female,2.9,0,1,82.94,Q,First,child,False,B,Queenstown,yes,False
0,3,male,54.3,3,2,134.7,Q,Third,man,True,F,Queenstown,no,False
0,1,male,14.8,1,1,52.0,S,First,child,False,E,Southampton,no,False
0,3,male,1.9,1,1,129.39,Q,Third,child,False,D,Queenstown,no,False
1,1,male,7.6,2,2,37.64,Q,First,child,False,D,Queenstown,yes,False
0,1,male,13.5,3,1,63.03,Q,First,child,False,G,Queenstown,no,False
1,2,male,18.1,2,1,74.64,C,Second,man,True,C,Cherbourg,yes,False
1,2,female,35.1,0,0,72.33,C,Second,woman,False,C,Cherbourg,yes,True
1,3,female,62.3,0,2,16.44,S,Third,woman,False,,Southampton,yes,False
0,1,male,10.2,2,2,61.13,S,First,child,False,A,Southampton,no,False
1,3,male,15.1,3,0,113.02,Q,Third,child,False,B,Queenstown,yes,False
1,2,female,2.6,1,0,47.12,C,Second,child,False,F,Cherbourg,yes,False
1,3,female,16.6,2,0,11.1,S,Third,woman,False,E,Southampton,yes,False
1,3,female,17.6,3,2,80.51,S,Third,woman,False,A,Southampton,yes,False
0,2,female,6.0,0,0,24.82,Q,Second,child,False,A,Queenstown,no,True
1,1,female,66.5,3,2,102.42,C,First,woman,False,,Cherbourg,yes,False
0,2,female,66.4,0,1,110.11,C,Second,woman,False,D,Cherbourg,no,False
1,1,female,22.7,1,0,22.47,S,First,woman,False,G,Southampton,yes,False
1,2,male,61.3,1,2,16.01,Q,Second,man,True,F,Queenstown,yes,False
0,3,female,18.1,2,1,37.49,C,Third,woman,False,F,Cherbourg,no,False
0,2,male,36.3,1,2,73.41,Q,Second,man,True,D,Queenstown,no,False
0,2,male,38.9,1,0,17.98,Q,Second,man,True,E,Queenstown,no,False
1,2,male,29.6,0,0,147.5,Q,Second,man,True,E,Queenstown,yes,True
1,3,female,50.3,2,0,147.49,S,Third,woman,False,E,Southampton,yes,False
0,2,male,16.3,0,0,142.06,C,Second,man,False,F,Cherbourg,no,True
1,1,female,66.9,3,0,99.35,S,First,woman,False,A,Southampton,yes,False
1,3,female,8.3,0,2,62.24,C,Third,child,False,D,Cherbourg,yes,False
0,1,female,56.4,0,0,97.77,S,First,woman,False,D,Southampton,no,True
1,2,female,17.1,0,0,63.81,Q,Second,woman,False,,Queenstown,yes,True
0,1,female,5.5,3,2,80.8,S,First,child,False,D,Southampton,no,False
0,1,male,51.1,3,0,63.48,Q,First,man,True,B,Queenstown,no,False
0,3,male,37.7,1,0,100.99,Q,Third,man,True,B,Queenstown,no,False
1,2,male,44.1,2,0,102.45,S,Second,man,True,D,Southampton,yes,False
1,1,female,5.3,3,0,139.05,C,First,child,False,G,Cherbourg,yes,False
0,1,female,15.6,2,1,74.01,Q,First,child,False,F,Queenstown,no,False
0,2,female,10.8,0,2,136.09,Q,Second,child,False,D,Queenstown,no,False
1,2,male,26.8,3,1,31.24,S,Second,man,True,C,Southampton,yes,False
1,3,male,23.3,2,2,125.83,Q,Third,man,True,A,Queenstown,yes,False
1,2,female,10.4,1,2,143.64,Q,Second,child,False,E,Queenstown,yes,False
0,1,female,52.6,3,1,108.0,Q,First,woman,False,D,Queenstown,no,False
1,3,female,64.4,2,1,103.38,C,Third,woman,False,D,Cherbourg,yes,False
0,2,female,61.7,1,1,46.19,Q,Second,woman,False,F,Queenstown,no,False
0,3,female,67.4,2,1,32.31,S,Third,woman,False,D,Southampton,no,False
1,3,female,8.6,1,0,21.08,C,Third,child,False,,Cherbourg,yes,False
1,2,male,18.4,2,1,95.9,C,Second,man,True,E,Cherbourg,yes,False
1,2,male,12.9,0,2,11.95,Q,Second,child,False,G,Queenstown,yes,False
1,3,male,20.1,3,0,91.52,S,Third,man,True,,Southampton,yes,False
0,3,female,1.3,2,2,47.19,C,Third,child,False,,Cherbourg,no,False
1,1,male,26.5,1,1,148.28,S,First,man,True,E,Southampton,yes,False
1,3,female,6.5,1,2,145.38,C,Third,child,False,,Cherbourg,yes,False
0,3,male,21.2,1,0,44.1,C,Third,man,True,G,Cherbourg,no,False
1,2,male,8.1,2,2,116.57,Q,Second,child,False,D,Queenstown,yes,False
0,1,female,12.7,1,1,60.93,S,First,child,False,F,Southampton,no,False
0,1,male,27.4,3,1,10.88,Q,First,man,True,C,Queenstown,no,False
0,2,male,58.5,0,2,25.12,C,Second,man,True,,Cherbourg,no,False
0,2,female,34.5,1,0,20.14,S,Second,woman,False,C,Southampton,no,False
0,1,male,35.5,2,2,60.88,S,First,man,True,B,Southampton,no,False
1,3,male,55.1,1,2,139.22,S,Third,man,True,D,Southampton,yes,False
1,2,female,26.2,1,1,116.2,C,Second,woman,False,D,Cherbourg,yes,False
0,3,male,65.7,3,1,70.17,C,Third,man,True,B,Cherbourg,no,False
0,3,male,50.8,1,0,42.29,C,Third,man,True,B,Cherbourg,no,False
1,3,female,26.1,0,0,52.83,C,Third,woman,False,,Cherbourg,yes,True
0,3,female,7.0,2,1,31.86,S,Third,child,False,,Southampton,no,False
0,3,male,58.3,1,1,123.93,C,Third,man,True,G,Cherbourg,no,False
1,2,female,22.3,0,1,102.28,Q,Second,woman,False,C,Queenstown,yes,False
1,3,male,30.3,0,2,143.77,C,Third,man,True,F,Cherbourg,yes,False
0,2,female,67.2,3,0,52.58,C,Second,woman,False,A,Cherbourg,no,False
1,3,male,44.2,1,1,26.08,Q,Third,man,True,A,Queenstown,yes,False
1,3,female,1.7,2,2,23.33,C,Third,child,False,,Cherbourg,yes,False
1,2,female,5.8,1,1,141.28,Q,Second,child,False,E,Queenstown,yes,False
0,3,male,23.3,3,1,12.2,C,Third,man,True,E,Cherbourg,no,False
0,3,female,4.6,2,0,45.94,S,Third,child,False,F,Southampton,no,False
0,1,male,47.3,1,1,103.19,C,First,man,True,D,Cherbourg,no,False
1,1,male,17.9,1,2,73.08,C,First,man,False,E,Cherbourg,yes,False
1,3,female,52.7,2,0,44.71,S,Third,woman,False,E,Southampton,yes,False
1,3,female,39.8,2,1,35.64,Q,Third,woman,False,A,Queenstown,yes,False
1,3,female,25.5,1,0,134.32,C,Third,woman,False,E,Cherbourg,yes,False
1,3,male,51.4,1,0,91.8,Q,Third,man,True,B,Queenstown,yes,False
1,3,male,16.5,2,1,7.36,C,Third,man,False,E,Cherbourg,yes,False
1,3,female,29.6,0,0,53.42,Q,Third,woman,False,D,Queenstown,yes,True
1,2,male,27.5,1,1,121.21,Q,Second,man,True,C,Queenstown,yes,False
1,1,female,67.0,3,2,38.23,C,First,woman,False,B,Cherbourg,yes,False
0,1,female,12.4,0,0,147.32,Q,First,child,False,F,Queenstown,no,True
1,1,male,66.4,1,2,86.69,Q,First,man,True,F,Queenstown,yes,False
1,1,female,19.2,2,0,141.98,S,First,woman,False,F,Southampton,yes,False
0,2,female,14.5,0,1,123.02,S,Second,child,False,G,Southampton,no,False
0,1,female,46.7,3,0,82.42,C,First,woman,False,C,Cherbourg,no,False
0,3,female,3.7,1,1,17.04,C,Third,child,False,B,Cherbourg,no,False
0,1,female,61.3,2,0,37.4,Q,First,woman,False,C,Queenstown,no,False
1,3,male,49.4,2,0,64.34,S,Third,man,True,G,Southampton,yes,False
0,3,male,47.7,0,1,133.88,S,Third,man,True,,Southampton,no,False
0,1,male,59.6,3,0,129.48,C,First,man,True,D,Cherbourg,no,False
1,3,female,7.6,0,1,65.59,C,Third,child,False,C,Cherbourg,yes,False
1,2,female,53.6,0,1,111.0,Q,Second,woman,False,G,Queenstown,yes,False
0,3,female,16.5,2,1,73.4,S,Third,woman,False,E,Southampton,no,False
0,1,male,48.7,1,2,141.63,S,First,man,True,C,Southampton,no,False
1,1,male,33.2,2,0,135.61,Q,First,man,True,D,Queenstown,yes,False
0,2,female,20.2,3,2,114.49,Q,Second,woman,False,E,Queenstown,no,False
0,2,female,52.9,2,1,124.62,S,Second,woman,False,,Southampton,no,False
0,3,male,65.0,2,2,75.28,C,Third,man,True,B,Cherbourg,no,False
0,3,female,69.8,1,0,19.88,C,Third,woman,False,E,Cherbourg,no,False
1,2,male,59.0,2,1,142.14,C,Second,man,True,C,Cherbourg,yes,False
0,1,male,25.9,0,2,93.33,C,First,man,True,,Cherbourg,no,False
0,3,female,43.4,0,1,134.72,Q,Third,woman,False,D,Queenstown,no,False
0,1,female,59.8,3,1,115.29,S,First,woman,False,C,Southampton,no,False
1,3,male,55.6,2,0,141.91,Q,Third,man,True,,Queenstown,yes,False
1,2,female,3.0,1,0,19.22,S,Second,child,False,C,Southampton,yes,False
1,3,female,4.9,2,2,86.18,S,Third,child,False,C,Southampton,yes,False
0,2,female,29.2,3,1,17.82,Q,Second,woman,False,E,Queenstown,no,False
0,3,female,35.3,2,1,89.05,S,Third,woman,False,C,Southampton,no,False
1,3,female,63.4,1,2,85.06,Q,Third,woman,False,A,Queenstown,yes,False
0,1,female,67.2,1,2,128.09,C,First,woman,False,G,Cherbourg,no,False
1,3,male,2.9,1,0,141.82,S,Third,child,False,D,Southampton,yes,False
1,2,female,42.7,0,2,140.92,Q,Second,woman,False,F,Queenstown,yes,False
1,1,female,52.5,0,0,101.48,S,First,woman,False,A,Southampton,yes,True
0,1,female,69.2,3,0,117.74,Q,First,woman,False,F,Queenstown,no,False
1,2,male,24.9,2,1,145.44,Q,Second,man,True,,Queenstown,yes,False
0,1,male,2.4,3,1,82.56,S,First,child,False,,Southampton,no,False
0,2,female,57.6,2,0,51.2,Q,Second,woman,False,D,Queenstown,no,False
1,1,female,5.1,1,0,92.82,Q,First,child,False,B,Queenstown,yes,False
1,2,male,12.2,1,0,129.37,C,Second,child,False,C,Cherbourg,yes,False
0,2,female,36.7,3,0,80.44,Q,Second,woman,False,F,Queenstown,no,False
1,1,male,10.3,0,2,60.58,Q,First,child,False,D,Queenstown,yes,False
0,2,female,25.2,0,0,26.84,Q,Second,woman,False,C,Queenstown,no,True
1,2,female,41.6,2,2,129.95,S,Second,woman,False,B,Southampton,yes,False
0,3,female,60.1,2,1,64.86,Q,Third,woman,False,B,Queenstown,no,False
1,2,female,62.9,2,2,44.19,C,Second,woman,False,,Cherbourg,yes,False
1,3,female,60.5,1,0,49.12,S,Third,woman,False,F,Southampton,yes,False
0,2,female,1.9,0,2,79.35,C,Second,child,False,F,Cherbourg,no,False
1,3,male,9.5,1,0,141.23,Q,Third,child,False,B,Queenstown,yes,False
0,1,female,18.8,0,2,81.48,S,First,woman,False,,Southampton,no,False
0,1,male,1.7,1,1,27.37,S,First,child,False,F,Southampton,no,False
1,2,female,3.4,1,0,103.77,S,Second,child,False,B,Southampton,yes,False
1,3,female,14.2,1,2,139.63,S,Third,child,False,F,Southampton,yes,False
1,1,male,35.3,3,0,75.93,S,First,man,True,G,Southampton,yes,False
0,1,male,4.8,3,1,21.26,Q,First,child,False,,Queenstown,no,False
1,3,male,59.4,2,2,83.12,S,Third,man,True,D,Southampton,yes,False
1,3,male,31.1,0,0,126.67,C,Third,man,True,B,Cherbourg,yes,True
1,2,male,61.4,2,1,138.23,C,Second,man,True,F,Cherbourg,yes,False
0,3,female,39.6,0,0,146.32,Q,Third,woman,False,B,Queenstown,no,True
0,2,male,31.3,3,1,70.5,C,Second,man,True,C,Cherbourg,no,False
1,3,male,27.6,3,0,131.86,Q,Third,man,True,E,Queenstown,yes,False
1,2,male,37.0,0,0,75.97,C,Second,man,True,G,Cherbourg,yes,True
0,3,female,23.2,0,0,135.95,S,Third,woman,False,,Southampton,no,True
1,3,female,13.6,3,1,30.47,C,Third,child,False,A,Cherbourg,yes,False
1,2,female,11.5,3,2,18.92,C,Second,child,False,E,Cherbourg,yes,False
0,2,female,15.2,1,0,73.85,C,Second,child,False,D,Cherbourg,no,False
1,2,male,37.7,1,1,120.04,S,Second,man,True,E,Southampton,yes,False
0,2,female,11.5,1,1,119.29,Q,Second,child,False,C,Queenstown,no,False
0,2,male,39.2,2,2,38.16,S,Second,man,True,C,Southampton,no,False
1,1,male,29.4,3,1,83.65,Q,First,man,True,,Queenstown,yes,False
0,1,male,24.1,0,1,35.77,S,First,man,True,E,Southampton,no,False
1,2,female,69.5,1,0,29.55,Q,Second,woman,False,C,Queenstown,yes,False
0,2,male,48.5,3,1,106.07,Q,Second,man,True,D,Queenstown,no,False
0,3,male,49.3,2,2,116.62,Q,Third,man,True,G,Queenstown,no,False
1,1,male,17.2,1,2,80.63,Q,First,man,False,C,Queenstown,yes,False
1,3,female,2.0,0,2,123.03,Q,Third,child,False,,Queenstown,yes,False
0,2,female,62.5,3,2,36.73,S,Second,woman,False,A,Southampton,no,False
1,1,female,56.3,3,1,64.87,S,First,woman,False,F,Southampton,yes,False
0,3,male,57.4,2,1,130.07,S,Third,man,True,G,Southampton,no,False
1,1,female,8.0,3,0,79.2,C,First,child,False,B,Cherbourg,yes,False
0,2,male,53.1,3,2,140.71,S,Second,man,True,A,Southampton,no,False
0,3,female,15.2,0,1,14.45,S,Third,child,False,,Southampton,no,False
0,1,female,17.3,3,1,29.74,Q,First,woman,False,E,Queenstown,no,False
1,1,female,65.7,2,2,47.22,S,First,woman,False,F,Southampton,yes,False
1,2,female,29.5,0,1,91.37,S,Second,woman,False,D,Southampton,yes,False
1,3,male,54.6,1,1,117.68,C,Third,man,True,C,Cherbourg,yes,False
0,3,male,67.1,3,2,87.31,C,Third,man,True,,Cherbourg,no,False
0,1,male,10.1,2,0,132.43,Q,First,child,False,F,Queenstown,no,False
0,2,male,30.4,2,1,122.75,S,Second,man,True,E,Southampton,no,False
0,2,male,21.0,2,0,7.45,C,Second,man,True,,Cherbourg,no,False
0,1,female,6.5,2,0,100.17,C,First,child,False,,Cherbourg,no,False
1,2,female,49.1,1,0,69.08,S,Second,woman,False,E,Southampton,yes,False
1,3,male,7.0,0,1,76.72,C,Third,child,False,B,Cherbourg,yes,False
1,2,female,4.0,1,0,43.54,C,Second,child,False,G,Cherbourg,yes,False
1,3,female,23.6,1,0,50.46,Q,Third,woman,False,F,Queenstown,yes,False
0,1,male,43.9,2,2,77.23,Q,First,man,True,A,Queenstown,no,False
0,1,female,43.5,3,1,22.42,C,First,woman,False,B,Cherbourg,no,False
1,3,female,1.2,2,1,28.5,C,Third,child,False,F,Cherbourg,yes,False
1,2,male,11.4,3,1,14.81,S,Second,child,False,B,Southampton,yes,False
0,3,male,45.0,0,0,119.85,Q,Third,man,True,B,Queenstown,no,True
1,1,female,50.4,3,0,10.53,S,First,woman,False,,Southampton,yes,False
1,3,female,64.5,0,0,123.33,S,Third,woman,False,,Southampton,yes,True
1,1,male,34.7,1,0,16.4,Q,First,man,True,G,Queenstown,yes,False
0,2,female,69.1,0,1,45.93,C,Second,woman,False,B,Cherbourg,no,False
1,2,female,13.0,0,2,71.36,C,Second,child,False,D,Cherbourg,yes,False
1,3,female,28.1,1,1,120.81,C,Third,woman,False,D,Cherbourg,yes,False
0,2,female,3.7,3,2,99.57,C,Second,child,False,E,Cherbourg,no,False
0,3,female,28.0,1,0,140.57,Q,Third,woman,False,D,Queenstown,no,False
0,2,female,30.8,1,0,142.21,S,Second,woman,False,F,Southampton,no,False
1,2,female,67.0,3,2,37.27,S,Second,woman,False,C,Southampton,yes,False
1,1,female,18.1,0,0,127.1,Q,First,woman,False,F,Queenstown,yes,True
1,1,female,3.0,2,1,50.47,Q,First,child,False,G,Queenstown,yes,False
0,3,female,9.0,1,2,50.47,Q,Third,child,False,E,Queenstown,no,False
1,2,male,10.5,2,2,8.9,Q,Second,child,False,A,Queenstown,yes,False
1,2,male,21.7,3,2,49.03,S,Second,man,True,A,Southampton,yes,False
1,1,male,67.6,0,1,40.98,Q,First,man,True,,Queenstown,yes,False
0,1,female,39.3,0,1,120.75,S,First,woman,False,C,Southampton,no,False
1,3,female,19.6,2,2,46.72,S,Third,woman,False,D,Southampton,yes,False
0,1,female,48.0,1,1,25.69,Q,First,woman,False,F,Queenstown,no,False
1,1,male,21.0,3,0,99.42,Q,First,man,True,D,Queenstown,yes,False
1,2,male,49.9,1,0,101.17,C,Second,man,True,,Cherbourg,yes,False
1,3,male,8.8,0,0,143.34,Q,Third,child,False,B,Queenstown,yes,True
0,1,female,6.2,2,1,137.29,S,First,child,False,,Southampton,no,False
1,2,female,61.1,0,2,72.87,Q,Second,woman,False,,Queenstown,yes,False
0,2,male,64.2,0,1,135.72,Q,Second,man,True,G,Queenstown,no,False
1,2,male,56.2,3,0,139.08,C,Second,man,True,C,Cherbourg,yes,False
1,3,male,43.1,2,1,74.77,Q,Third,man,True,F,Queenstown,yes,False
0,2,male,63.1,2,1,73.61,Q,Second,man,True,A,Queenstown,no,False
1,3,female,46.6,1,0,134.29,Q,Third,woman,False,D,Queenstown,yes,False
1,1,female,64.3,1,2,26.7,S,First,woman,False,A,Southampton,yes,False
1,2,female,44.8,2,2,129.67,S,Second,woman,False,G,Southampton,yes,False
1,3,female,39.2,0,0,57.87,Q,Third,woman,False,G,Queenstown,yes,True
0,3,female,32.9,3,2,144.08,S,Third,woman,False,D,Southampton,no,False
1,2,male,5.6,1,2,94.33,C,Second,child,False,B,Cherbourg,yes,False
0,3,female,9.5,0,0,144.5,S,Third,child,False,G,Southampton,no,True
1,2,male,57.5,0,1,38.27,S,Second,man,True,G,Southampton,yes,False
1,1,male,44.2,3,0,61.38,C,First,man,True,,Cherbourg,yes,False
1,1,male,52.4,1,0,56.46,C,First,man,True,D,Cherbourg,yes,False
0,2,female,2.9,0,2,45.77,Q,Second,child,False,C,Queenstown,no,False
0,3,male,54.2,3,1,57.78,S,Third,man,True,D,Southampton,no,False
1,3,male,64.4,1,0,136.31,Q,Third,man,True,F,Queenstown,yes,False
0,3,male,3.4,1,1,40.05,Q,Third,child,False,,Queenstown,no,False
1,2,male,30.2,3,2,75.64,Q,Second,man,True,F,Queenstown,yes,False
1,3,female,28.0,2,0,134.16,C,Third,woman,False,,Cherbourg,yes,False
0,3,male,31.3,3,2,42.56,S,Third,man,True,A,Southampton,no,False
0,2,male,56.4,0,0,123.92,S,Second,man,True,D,Southampton,no,True
0,3,female,59.6,2,0,145.06,S,Third,woman,False,A,Southampton,no,False
0,1,female,27.8,1,1,99.66,S,First,woman,False,D,Southampton,no,False
0,3,male,17.9,3,1,87.89,Q,Third,man,False,F,Queenstown,no,False
1,3,male,43.2,2,1,122.36,S,Third,man,True,E,Southampton,yes,False
0,3,male,42.6,2,0,32.67,S,Third,man,True,C,Southampton,no,False
1,2,male,14.9,3,0,61.86,S,Second,child,False,E,Southampton,yes,False
0,2,female,38.8,3,1,113.24,C,Second,woman,False,D,Cherbourg,no,False
1,2,female,61.3,2,2,145.55,Q,Second,woman,False,G,Queenstown,yes,False
0,3,female,63.4,3,0,143.23,Q,Third,woman,False,F,Queenstown,no,False
1,3,female,15.2,3,1,113.77,S,Third,child,False,D,Southampton,yes,False
1,3,female,10.4,3,0,113.41,C,Third,child,False,D,Cherbourg,yes,False
1,3,male,24.0,2,0,70.7,S,Third,man,True,D,Southampton,yes,False
0,1,male,54.0,1,2,69.82,C,First,man,True,C,Cherbourg,no,False
1,2,male,39.0,0,2,74.67,C,Second,man,True,D,Cherbourg,yes,False
0,1,male,43.7,0,1,7.97,C,First,man,True,B,Cherbourg,no,False
1,3,male,8.8,1,0,64.66,C,Third,child,False,,Cherbourg,yes,False
1,3,female,14.7,2,2,77.0,S,Third,child,False,F,Southampton,yes,False
0,3,female,36.9,1,0,91.88,Q,Third,woman,False,F,Queenstown,no,False
0,2,male,1.7,2,2,33.3,Q,Second,child,False,A,Queenstown,no,False
0,2,female,69.9,3,0,38.11,C,Second,woman,False,,Cherbourg,no,False
1,3,male,12.7,3,1,128.3,S,Third,child,False,,Southampton,yes,False
0,1,male,65.2,3,0,107.42,S,First,man,True,,Southampton,no,False
0,2,male,69.7,3,1,131.01,C,Second,man,True,A,Cherbourg,no,False
0,3,female,41.6,1,1,70.06,C,Third,woman,False,G,Cherbourg,no,False
1,2,female,24.1,1,1,92.65,S,Second,woman,False,G,Southampton,yes,False
1,1,male,64.4,2,1,23.98,S,First,man,True,A,Southampton,yes,False
1,2,female,16.6,1,2,139.97,C,Second,woman,False,G,Cherbourg,yes,False
1,1,female,59.7,0,1,24.6,S,First,woman,False,,Southampton,yes,False
0,2,male,42.9,1,0,41.76,S,Second,man,True,B,Southampton,no,False
0,1,female,40.4,1,1,15.2,Q,First,woman,False,G,Queenstown,no,False
0,2,male,23.0,2,2,79.91,S,Second,man,True,A,Southampton,no,False
1,2,female,51.8,3,0,149.13,S,Second,woman,False,,Southampton,yes,False
0,2,female,6.1,2,0,76.3,Q,Second,child,False,D,Queenstown,no,False
0,2,female,52.1,2,2,142.23,C,Second,woman,False,,Cherbourg,no,False
1,3,female,60.7,0,0,74.86,C,Third,woman,False,G,Cherbourg,yes,True
0,3,female,5.1,2,2,148.98,Q,Third,child,False,C,Queenstown,no,False
0,1,female,33.6,0,2,142.86,C,First,woman,False,G,Cherbourg,no,False
1,3,male,61.6,2,0,79.71,S,Third,man,True,C,Southampton,yes,False
1,1,male,45.7,3,1,37.5,S,First,man,True,D,Southampton,yes,False
0,1,male,51.5,2,1,128.01,S,First,man,True,F,Southampton,no,False
0,1,female,60.6,2,0,66.48,C,First,woman,False,,Cherbourg,no,False
0,3,female,43.3,0,1,7.69,C,Third,woman,False,E,Cherbourg,no,False
0,3,male,10.6,2,0,80.84,C,Third,child,False,B,Cherbourg,no,False
0,1,male,44.9,1,2,12.36,S,First,man,True,,Southampton,no,False
0,2,male,19.1,0,0,106.39,S,Second,man,True,D,Southampton,no,True
1,2,female,50.0,1,1,54.77,S,Second,woman,False,A,Southampton,yes,False
0,2,male,27.3,2,0,7.61,Q,Second,man,True,G,Queenstown,no,False
0,2,female,65.2,3,2,69.83,Q,Second,woman,False,,Queenstown,no,False
1,2,male,50.6,1,1,77.35,S,Second,man,True,E,Southampton,yes,False
0,2,female,58.9,3,0,20.39,Q,Second,woman,False,G,Queenstown,no,False
0,1,male,40.8,1,0,146.94,C,First,man,True,,Cherbourg,no,False
0,3,female,10.3,2,2,75.27,S,Third,child,False,E,Southampton,no,False
1,3,male,34.2,0,2,62.15,S,Third,man,True,B,Southampton,yes,False
1,3,female,27.5,0,0,33.18,S,Third,woman,False,C,Southampton,yes,True
0,1,female,13.6,1,0,7.1,C,First,child,False,F,Cherbourg,no,False
0,2,male,19.9,2,2,108.06,C,Second,man,True,G,Cherbourg,no,False
1,1,female,17.2,2,0,48.52,Q,First,woman,False,G,Queenstown,yes,False
1,1,male,1.5,1,1,60.11,C,First,child,False,D,Cherbourg,yes,False
0,3,male,13.8,1,0,49.9,Q,Third,child,False,G,Queenstown,no,False
1,1,female,7.9,0,1,129.76,S,First,child,False,G,Southampton,yes,False
0,2,male,56.1,2,1,96.66,S,Second,man,True,F,Southampton,no,False
1,3,female,43.4,2,0,117.98,Q,Third,woman,False,A,Queenstown,yes,False
0,1,male,23.2,1,0,113.98,C,First,man,True,C,Cherbourg,no,False
0,1,female,59.6,3,2,25.88,Q,First,woman,False,C,Queenstown,no,False
1,3,female,13.0,3,2,114.25,S,Third,child,False,F,Southampton,yes,False
0,2,male,58.6,0,1,124.71,C,Second,man,True,G,Cherbourg,no,False
1,3,female,52.5,1,0,77.89,Q,Third,woman,False,,Queenstown,yes,False
0,3,male,27.4,2,1,45.51,S,Third,man,True,B,Southampton,no,False
1,1,male,57.9,0,0,60.24,S,First,man,True,A,Southampton,yes,True
1,2,female,41.6,2,2,108.9,Q,Second,woman,False,A,Queenstown,yes,False
1,3,male,69.7,3,0,12.73,S,Third,man,True,E,Southampton,yes,False
0,2,male,52.6,2,0,12.39,C,Second,man,True,F,Cherbourg,no,False
1,2,female,44.5,1,0,70.86,C,Second,woman,False,,Cherbourg,yes,False
0,3,male,23.8,3,0,56.86,S,Third,man,True,F,Southampton,no,False
1,1,male,64.5,1,0,16.59,S,First,man,True,,Southampton,yes,False
1,2,female,27.9,1,2,149.32,C,Second,woman,False,G,Cherbourg,yes,False
1,1,female,59.6,1,2,102.17,C,First,woman,False,C,Cherbourg,yes,False
0,1,male,24.6,1,0,17.87,S,First,man,True,G,Southampton,no,False
1,2,male,32.6,3,1,8.8,S,Second,man,True,,Southampton,yes,False
1,2,female,10.8,3,1,110.09,Q,Second,child,False,G,Queenstown,yes,False
0,2,female,69.9,3,1,103.28,Q,Second,woman,False,F,Queenstown,no,False
0,2,female,68.9,2,1,7.02,Q,Second,woman,False,,Queenstown,no,False
1,3,female,61.7,0,2,70.84,C,Third,woman,False,G,Cherbourg,yes,False
1,1,male,20.6,3,2,72.76,Q,First,man,True,D,Queenstown,yes,False
0,2,female,13.7,2,1,54.34,S,Second,child,False,E,Southampton,no,False
1,2,female,4.0,1,2,66.03,Q,Second,child,False,A,Queenstown,yes,False
0,2,female,56.1,0,2,27.27,Q,Second,woman,False,F,Queenstown,no,False
1,3,male,24.7,0,0,47.93,C,Third,man,True,,Cherbourg,yes,True
1,3,male,6.5,3,2,131.66,C,Third,child,False,A,Cherbourg,yes,False
1,2,male,12.8,1,1,125.98,S,Second,child,False,,Southampton,yes,False
0,2,female,55.5,2,2,77.59,C,Second,woman,False,C,Cherbourg,no,False
0,1,female,33.7,1,0,11.69,Q,First,woman,False,B,Queenstown,no,False
0,1,male,59.0,2,2,68.52,Q,First,man,True,D,Queenstown,no,False
1,2,female,45.5,1,0,82.03,Q,Second,woman,False,,Queenstown,yes,False
1,1,male,55.5,2,2,119.65,Q,First,man,True,G,Queenstown,yes,False
1,1,female,35.4,0,0,107.93,C,First,woman,False,,Cherbourg,yes,True
0,1,male,11.2,2,2,95.56,S,First,child,False,G,Southampton,no,False
0,1,female,14.8,0,1,65.13,C,First,child,False,G,Cherbourg,no,False
0,1,female,43.0,3,1,51.14,C,First,woman,False,C,Cherbourg,no,False
1,1,male,36.6,1,2,51.9,C,First,man,True,,Cherbourg,yes,False
0,3,male,26.9,2,1,119.14,S,Third,man,True,A,Southampton,no,False
1,2,male,12.5,2,1,20.42,Q,Second,child,False,E,Queenstown,yes,False
0,2,male,56.3,3,1,140.13,S,Second,man,True,B,Southampton,no,False
1,3,male,37.4,0,2,141.12,Q,Third,man,True,C,Queenstown,yes,False
0,3,female,1.8,2,1,90.86,Q,Third,child,False,B,Queenstown,no,False
0,3,female,21.6,2,0,138.27,C,Third,woman,False,E,Cherbourg,no,False
1,2,male,62.4,1,1,41.53,Q,Second,man,True,G,Queenstown,yes,False
1,2,male,24.5,0,0,25.14,C,Second,man,True,C,Cherbourg,yes,True
1,1,male,58.8,2,1,45.88,C,First,man,True,E,Cherbourg,yes,False
1,1,male,55.7,0,0,77.76,Q,First,man,True,,Queenstown,yes,True
0,1,female,13.0,3,1,143.25,C,First,child,False,C,Cherbourg,no,False
1,2,female,7.4,0,2,8.65,Q,Second,child,False,C,Queenstown,yes,False
0,1,male,45.4,0,0,105.19,S,First,man,True,D,Southampton,no,True
0,2,male,40.6,2,2,53.66,S,Second,man,True,G,Southampton,no,False
1,1,male,29.4,1,2,43.29,S,First,man,True,B,Southampton,yes,False
0,1,female,18.1,3,0,125.27,S,First,woman,False,A,Southampton,no,False
0,1,female,59.1,2,0,14.99,S,First,woman,False,G,Southampton,no,False
0,3,female,66.7,2,0,130.63,Q,Third,woman,False,C,Queenstown,no,False
1,1,male,27.8,1,1,145.68,C,First,man,True,E,Cherbourg,yes,False
1,2,female,42.9,0,2,76.31,Q,Second,woman,False,B,Queenstown,yes,False
0,2,female,34.1,3,1,21.09,C,Second,woman,False,C,Cherbourg,no,False
1,3,male,18.6,0,2,127.65,S,Third,man,True,B,Southampton,yes,False
0,1,female,2.5,2,0,64.03,S,First,child,False,,Southampton,no,False
1,3,male,22.9,1,0,21.06,Q,Third,man,True,A,Queenstown,yes,False
0,1,female,15.2,0,0,56.67,C,First,child,False,E,Cherbourg,no,True
0,1,female,52.1,0,0,109.83,Q,First,woman,False,F,Queenstown,no,True
1,2,female,62.8,3,2,117.75,C,Second,woman,False,A,Cherbourg,yes,False
1,2,male,3.4,2,1,25.84,C,Second,child,False,C,Cherbourg,yes,False
0,2,female,67.2,0,2,128.72,C,Second,woman,False,C,Cherbourg,no,False
1,3,female,7.3,1,0,92.21,Q,Third,child,False,G,Queenstown,yes,False
0,3,female,33.0,3,2,62.93,C,Third,woman,False,C,Cherbourg,no,False
0,2,female,38.2,0,1,73.72,Q,Second,woman,False,B,Queenstown,no,False
1,2,female,52.9,0,1,44.62,Q,Second,woman,False,D,Queenstown,yes,False
1,3,male,28.0,1,0,99.36,Q,Third,man,True,A,Queenstown,yes,False
1,3,female,13.0,0,2,7.06,S,Third,child,False,F,Southampton,yes,False
0,1,female,13.4,1,2,28.81,S,First,child,False,D,Southampton,no,False
0,1,female,6.1,2,1,130.45,S,First,child,False,E,Southampton,no,False
0,3,female,44.8,3,2,67.18,Q,Third,woman,False,B,Queenstown,no,False
0,3,male,32.8,0,2,114.35,S,Third,man,True,B,Southampton,no,False
0,3,male,9.4,3,1,99.93,Q,Third,child,False,C,Queenstown,no,False
0,3,female,36.3,0,1,109.72,S,Third,woman,False,G,Southampton,no,False
0,1,female,65.2,2,2,17.8,C,First,woman,False,D,Cherbourg,no,False
0,1,male,5.1,0,0,130.5,Q,First,child,False,D,Queenstown,no,True
1,3,male,45.9,3,1,9.39,Q,Third,man,True,B,Queenstown,yes,False
0,3,male,57.2,0,1,9.29,C,Third,man,True,,Cherbourg,no,False
1,3,female,62.3,2,0,130.09,Q,Third,woman,False,D,Queenstown,yes,False
1,2,female,14.4,2,0,26.19,Q,Second,child,False,,Queenstown,yes,False
0,2,male,9.2,3,2,48.41,C,Second,child,False,C,Cherbourg,no,False
1,1,male,60.2,2,2,99.24,S,First,man,True,C,Southampton,yes,False
0,2,male,30.5,3,1,90.47,C,Second,man,True,A,Cherbourg,no,False
1,2,male,36.3,1,2,23.33,C,Second,man,True,F,Cherbourg,yes,False
0,2,female,34.4,2,0,74.83,Q,Second,woman,False,B,Queenstown,no,False
1,1,male,20.5,0,2,50.18,Q,First,man,True,B,Queenstown,yes,False
0,2,female,49.0,1,2,128.29,S,Second,woman,False,D,Southampton,no,False
1,3,male,33.9,3,0,54.16,S,Third,man,True,A,Southampton,yes,False
0,2,female,56.1,0,2,92.3,C,Second,woman,False,D,Cherbourg,no,False
1,1,male,23.5,3,2,149.31,S,First,man,True,C,Southampton,yes,False
1,3,male,30.3,3,2,93.87,S,Third,man,True,,Southampton,yes,False
1,1,male,41.7,3,2,55.15,S,First,man,True,D,Southampton,yes,False
0,3,male,44.4,3,1,7.59,Q,Third,man,True,A,Queenstown,no,False
0,2,male,61.3,3,0,33.82,C,Second,man,True,D,Cherbourg,no,False
0,3,female,43.3,0,0,109.71,C,Third,woman,False,D,Cherbourg,no,True
0,1,male,21.9,1,1,43.64,C,First,man,True,G,Cherbourg,no,False
0,3,male,9.2,0,1,51.37,S,Third,child,False,F,Southampton,no,False
0,1,female,14.4,1,0,55.03,C,First,child,False,,Cherbourg,no,False
0,2,female,35.5,0,0,66.6,Q,Second,woman,False,G,Queenstown,no,True
1,3,male,33.2,2,0,128.68,Q,Third,man,True,C,Queenstown,yes,False
1,3,male,31.9,0,1,105.33,C,Third,man,True,,Cherbourg,yes,False
0,3,male,64.6,3,1,145.37,S,Third,man,True,,Southampton,no,False
0,2,female,36.5,3,0,89.15,S,Second,woman,False,G,Southampton,no,False
0,3,male,38.1,3,0,62.32,Q,Third,man,True,B,Queenstown,no,False
0,1,male,65.8,3,1,91.96,C,First,man,True,D,Cherbourg,no,False
1,3,female,55.2,3,0,80.73,S,Third,woman,False,F,Southampton,yes,False
0,3,male,40.0,3,1,148.21,C,Third,man,True,B,Cherbourg,no,False
1,3,male,47.4,2,1,44.69,S,Third,man,True,D,Southampton,yes,False
0,3,female,35.4,3,0,110.77,C,Third,woman,False,D,Cherbourg,no,False
1,3,male,27.3,3,1,119.95,C,Third,man,True,D,Cherbourg,yes,False
0,2,female,23.8,0,1,116.4,Q,Second,woman,False,D,Queenstown,no,False
0,3,female,33.3,3,0,140.22,S,Third,woman,False,A,Southampton,no,False
0,1,male,41.5,3,2,8.96,C,First,man,True,A,Cherbourg,no,False
0,2,female,64.4,2,0,49.65,S,Second,woman,False,A,Southampton,no,False
0,3,female,68.4,0,0,81.44,S,Third,woman,False,F,Southampton,no,True
1,3,female,18.5,3,1,135.71,S,Third,woman,False,,Southampton,yes,False
0,3,female,44.0,3,0,145.41,S,Third,woman,False,D,Southampton,no,False
1,1,female,43.3,1,1,126.64,S,First,woman,False,G,Southampton,yes,False
0,2,female,49.2,2,2,51.71,C,Second,woman,False,G,Cherbourg,no,False
1,3,female,1.3,1,2,93.34,Q,Third,child,False,G,Queenstown,yes,False
0,2,male,1.7,0,1,76.32,S,Second,child,False,A,Southampton,no,False
0,1,female,19.1,1,1,126.09,S,First,woman,False,B,Southampton,no,False
1,3,female,39.5,2,2,31.88,S,Third,woman,False,C,Southampton,yes,False
1,2,female,68.7,0,2,75.08,Q,Second,woman,False,B,Queenstown,yes,False
1,2,male,7.6,3,0,49.18,C,Second,child,False,F,Cherbourg,yes,False
0,3,male,47.7,2,1,72.6,C,Third,man,True,,Cherbourg,no,False
1,2,female,8.5,1,0,147.97,S,Second,child,False,F,Southampton,yes,False
0,2,female,2.4,1,0,127.57,Q,Second,child,False,A,Queenstown,no,False
1,1,female,4.8,3,0,144.82,S,First,child,False,G,Southampton,yes,False
1,1,male,64.1,2,1,135.28,C,First,man,True,C,Cherbourg,yes,False
1,2,female,68.3,1,0,133.18,S,Second,woman,False,B,Southampton,yes,False
1,2,female,10.0,2,2,12.21,S,Second,child,False,C,Southampton,yes,False
1,1,female,8.7,1,0,37.36,Q,First,child,False,,Queenstown,yes,False
1,2,female,32.8,0,0,27.23,Q,Second,woman,False,,Queenstown,yes,True
0,3,male,42.8,3,0,146.37,Q,Third,man,True,F,Queenstown,no,False
1,2,female,8.1,1,1,40.28,C,Second,child,False,C,Cherbourg,yes,False
0,2,male,4.4,1,0,94.0,C,Second,child,False,,Cherbourg,no,False
0,1,female,7.6,2,2,82.23,C,First,child,False,B,Cherbourg,no,False
0,2,male,53.8,0,1,76.62,Q,Second,man,True,C,Queenstown,no,False
1,1,female,67.3,0,1,107.01,S,First,woman,False,D,Southampton,yes,False
1,3,female,66.7,2,1,123.74,C,Third,woman,False,B,Cherbourg,yes,False
0,2,female,59.2,3,2,43.68,S,Second,woman,False,E,Southampton,no,False
1,1,male,41.5,1,2,111.98,S,First,man,True,C,Southampton,yes,False
1,3,female,60.7,0,1,104.03,Q,Third,woman,False,,Queenstown,yes,False
1,2,female,21.4,1,0,45.44,S,Second,woman,False,G,Southampton,yes,False
1,1,female,37.0,3,2,69.43,C,First,woman,False,,Cherbourg,yes,False
1,3,male,28.0,2,2,23.54,Q,Third,man,True,B,Queenstown,yes,False
1,2,male,1.6,3,2,114.63,C,Second,child,False,E,Cherbourg,yes,False
1,1,female,29.0,2,1,104.02,Q,First,woman,False,E,Queenstown,yes,False
1,3,female,17.5,3,0,70.34,S,Third,woman,False,F,Southampton,yes,False
0,1,male,23.8,2,1,14.36,S,First,man,True,F,Southampton,no,False
1,3,female,61.9,0,0,97.33,C,Third,woman,False,F,Cherbourg,yes,True
1,3,male,27.5,0,1,73.09,S,Third,man,True,C,Southampton,yes,False
0,2,female,65.3,2,0,136.62,S,Second,woman,False,B,Southampton,no,False
1,2,male,57.7,0,0,70.97,Q,Second,man,True,A,Queenstown,yes,True
0,2,female,15.8,2,1,132.62,Q,Second,child,False,B,Queenstown,no,False
1,1,male,62.3,0,0,33.51,Q,First,man,True,A,Queenstown,yes,True
1,3,female,26.0,3,0,8.14,C,Third,woman,False,E,Cherbourg,yes,False
0,3,female,38.2,2,1,78.34,C,Third,woman,False,E,Cherbourg,no,False
0,2,female,32.6,3,1,84.48,S,Second,woman,False,D,Southampton,no,False
0,1,female,17.4,3,0,42.2,S,First,woman,False,,Southampton,no,False
0,1,female,31.6,0,2,133.3,S,First,woman,False,E,Southampton,no,False
1,3,female,52.0,2,0,92.69,C,Third,woman,False,A,Cherbourg,yes,False
0,2,male,8.5,3,2,49.28,C,Second,child,False,C,Cherbourg,no,False
1,2,male,5.6,0,0,38.27,Q,Second,child,False,,Queenstown,yes,True
1,2,male,61.9,0,1,100.73,S,Second,man,True,G,Southampton,yes,False
0,1,female,1.2,1,2,42.53,Q,First,child,False,,Queenstown,no,False
0,1,female,52.1,1,1,93.48,C,First,woman,False,F,Cherbourg,no,False
0,1,male,40.6,0,2,19.28,Q,First,man,True,G,Queenstown,no,False
0,2,male,26.2,1,1,96.31,C,Second,man,True,A,Cherbourg,no,False
0,3,female,28.5,3,0,39.72,S,Third,woman,False,E,Southampton,no,False
0,2,male,3.7,2,2,99.3,S,Second,child,False,G,Southampton,no,False
1,1,male,28.1,3,2,57.91,S,First,man,True,A,Southampton,yes,False
1,2,male,2.4,3,0,65.44,S,Second,child,False,G,Southampton,yes,False
1,3,female,13.1,3,0,126.04,C,Third,child,False,B,Cherbourg,yes,False
0,2,male,19.7,3,1,114.03,S,Second,man,True,E,Southampton,no,False
1,3,male,37.7,2,1,29.46,C,Third,man,True,D,Cherbourg,yes,False
1,3,female,15.8,0,2,40.79,Q,Third,child,False,F,Queenstown,yes,False
1,3,male,17.8,2,1,68.92,Q,Third,man,False,G,Queenstown,yes,False
1,3,male,38.2,3,2,54.58,C,Third,man,True,C,Cherbourg,yes,False
1,3,female,24.0,3,0,139.95,S,Third,woman,False,B,Southampton,yes,False
1,3,female,62.9,0,2,128.07,S,Third,woman,False,,Southampton,yes,False
0,2,male,23.3,0,2,94.82,C,Second,man,True,D,Cherbourg,no,False
1,1,female,15.4,0,0,120.29,S,First,child,False,E,Southampton,yes,True
1,2,male,23.7,2,1,38.26,Q,Second,man,True,C,Queenstown,yes,False
0,2,female,59.7,2,0,45.97,C,Second,woman,False,E,Cherbourg,no,False
1,1,female,18.6,1,2,112.32,C,First,woman,False,B,Cherbourg,yes,False
1,1,male,64.6,0,1,14.43,S,First,man,True,G,Southampton,yes,False
1,3,male,52.7,2,1,52.82,Q,Third,man,True,E,Queenstown,yes,False
0,2,female,60.3,3,0,101.64,S,Second,woman,False,E,Southampton,no,False
0,1,male,40.5,2,2,121.46,S,First,man,True,B,Southampton,no,False
0,1,male,18.4,0,0,54.14,C,First,man,True,A,Cherbourg,no,True
0,2,male,40.8,2,2,149.68,S,Second,man,True,G,Southampton,no,False
0,2,male,60.5,1,0,121.34,C,Second,man,True,E,Cherbourg,no,False
1,3,male,29.4,1,1,50.36,Q,Third,man,True,,Queenstown,yes,False
1,3,male,46.4,0,2,67.11,C,Third,man,True,D,Cherbourg,yes,False
1,2,male,49.5,2,1,108.51,C,Second,man,True,C,Cherbourg,yes,False
0,3,female,54.9,0,2,124.73,C,Third,woman,False,A,Cherbourg,no,False
1,1,female,18.9,2,0,33.12,S,First,woman,False,G,Southampton,yes,False
1,2,female,7.2,0,0,112.23,C,Second,child,False,F,Cherbourg,yes,True
1,1,male,17.5,1,0,132.41,C,First,man,False,E,Cherbourg,yes,False
1,2,male,14.5,2,0,28.78,C,Second,child,False,B,Cherbourg,yes,False
1,2,female,48.6,1,2,88.55,C,Second,woman,False,F,Cherbourg,yes,False
0,2,male,34.6,0,2,142.35,C,Second,man,True,G,Cherbourg,no,False
0,2,female,50.5,3,1,136.13,Q,Second,woman,False,B,Queenstown,no,False
1,3,female,66.7,2,0,97.52,C,Third,woman,False,D,Cherbourg,yes,False
0,1,female,14.5,3,0,138.39,S,First,child,False,G,Southampton,no,False
0,3,female,32.5,2,2,68.25,C,Third,woman,False,A,Cherbourg,no,False
1,1,female,35.6,3,2,124.93,Q,First,woman,False,B,Queenstown,yes,False
1,3,female,56.6,3,1,8.26,S,Third,woman,False,C,Southampton,yes,False
0,1,female,49.2,3,0,83.95,C,First,woman,False,F,Cherbourg,no,False
1,2,male,62.7,0,1,126.08,C,Second,man,True,C,Cherbourg,yes,False
1,1,female,4.8,0,2,138.28,C,First,child,False,E,Cherbourg,yes,False
1,1,male,24.4,0,2,49.79,S,First,man,True,B,Southampton,yes,False
0,3,female,32.1,0,0,134.68,S,Third,woman,False,C,Southampton,no,True
0,2,female,2.3,1,2,75.24,Q,Second,child,False,D,Queenstown,no,False
0,2,male,56.2,3,2,118.15,Q,Second,man,True,F,Queenstown,no,False
0,3,female,47.0,1,1,38.29,Q,Third,woman,False,G,Queenstown,no,False
0,3,female,6.4,1,2,78.95,Q,Third,child,False,A,Queenstown,no,False
0,2,male,46.6,1,0,75.67,S,Second,man,True,B,Southampton,no,False
1,1,male,42.8,2,2,62.11,S,First,man,True,C,Southampton,yes,False
1,2,male,17.5,2,0,100.0,C,Second,man,False,A,Cherbourg,yes,False
0,2,female,56.9,3,0,123.64,Q,Second,woman,False,G,Queenstown,no,False
0,1,male,52.8,1,1,72.8,Q,First,man,True,G,Queenstown,no,False
1,3,female,7.0,0,2,94.81,S,Third,child,False,,Southampton,yes,False
1,1,female,40.3,0,0,124.59,Q,First,woman,False,F,Queenstown,yes,True
1,1,male,21.1,0,1,126.28,S,First,man,True,E,Southampton,yes,False
1,3,female,10.7,0,2,36.62,Q,Third,child,False,A,Queenstown,yes,False
1,1,female,7.4,2,2,126.02,C,First,child,False,B,Cherbourg,yes,False
1,1,female,40.8,2,0,64.14,S,First,woman,False,A,Southampton,yes,False
0,2,female,1.2,2,0,54.37,C,Second,child,False,D,Cherbourg,no,False
1,3,female,37.9,0,0,7.99,S,Third,woman,False,E,Southampton,yes,True
0,2,female,40.5,1,0,92.3,Q,Second,woman,False,B,Queenstown,no,False
0,1,female,68.3,3,0,90.87,Q,First,woman,False,,Queenstown,no,False
0,1,male,3.9,1,2,95.69,S,First,child,False,,Southampton,no,False
0,2,female,69.6,2,1,123.29,S,Second,woman,False,F,Southampton,no,False
0,1,female,42.7,2,2,110.29,S,First,woman,False,F,Southampton,no,False
0,3,female,6.1,2,2,145.67,S,Third,child,False,C,Southampton,no,False
0,2,female,25.6,1,0,87.98,Q,Second,woman,False,B,Queenstown,no,False
1,2,male,32.8,3,0,109.16,S,Second,man,True,A,Southampton,yes,False
0,2,male,39.8,3,1,112.05,C,Second,man,True,B,Cherbourg,no,False
1,1,male,67.5,2,0,39.7,C,First,man,True,F,Cherbourg,yes,False
0,2,female,66.8,2,1,97.41,S,Second,woman,False,E,Southampton,no,False
0,1,male,34.0,2,0,16.71,C,First,man,True,D,Cherbourg,no,False
0,1,female,65.5,1,1,62.38,Q,First,woman,False,A,Queenstown,no,False
0,1,female,46.0,3,0,31.6,C,First,woman,False,G,Cherbourg,no,False
0,1,male,5.1,3,2,79.19,C,First,child,False,D,Cherbourg,no,False
0,1,male,1.5,2,2,97.68,Q,First,child,False,,Queenstown,no,False
0,1,female,5.8,2,1,59.69,S,First,child,False,G,Southampton,no,False
0,1,male,42.6,0,1,11.97,S,First,man,True,G,Southampton,no,False
1,3,male,64.2,0,1,68.5,C,Third,man,True,B,Cherbourg,yes,False
0,3,male,8.7,2,1,18.93,Q,Third,child,False,C,Queenstown,no,False
0,2,female,10.0,3,0,134.73,Q,Second,child,False,D,Queenstown,no,False
1,1,female,37.7,2,2,116.25,Q,First,woman,False,E,Queenstown,yes,False
0,2,female,51.1,0,2,94.71,C,Second,woman,False,F,Cherbourg,no,False
0,3,male,42.0,2,0,54.49,C,Third,man,True,E,Cherbourg,no,False
1,1,female,43.0,2,1,132.73,Q,First,woman,False,G,Queenstown,yes,False
1,1,female,23.6,0,1,84.99,S,First,woman,False,,Southampton,yes,False
1,2,male,22.6,2,0,89.02,S,Second,man,True,G,Southampton,yes,False
1,2,female,19.5,3,1,12.15,C,Second,woman,False,C,Cherbourg,yes,False
0,2,female,62.0,0,1,65.78,Q,Second,woman,False,C,Queenstown,no,False
0,2,male,24.9,3,2,141.36,Q,Second,man,True,,Queenstown,no,False
1,3,male,53.7,2,0,32.71,C,Third,man,True,A,Cherbourg,yes,False
1,1,male,31.2,1,1,130.17,C,First,man,True,B,Cherbourg,yes,False
0,2,male,49.6,3,1,99.39,Q,Second,man,True,F,Queenstown,no,False
1,1,female,27.1,3,0,50.56,Q,First,woman,False,E,Queenstown,yes,False
0,3,female,5.4,3,0,76.2,S,Third,child,False,D,Southampton,no,False
0,3,male,3.3,3,2,149.28,C,Third,child,False,E,Cherbourg,no,False
0,1,male,36.5,2,1,18.46,S,First,man,True,D,Southampton,no,False
1,3,female,7.6,1,2,18.17,C,Third,child,False,G,Cherbourg,yes,False
0,1,male,24.8,2,0,138.12,C,First,man,True,B,Cherbourg,no,False
